Acura,jap
Alpine,fra
Alumi Craft,usa
AMC,usa
AMG Transport Dynamics,usa
Apollo,ger
Ariel,gbr
Aston Martin,gbr
Audi,ger
Austin-Healey,gbr
Auto Union,ger
BAC,gbr
Bentley,gbr
BMW,ger
Bugatti,fra
Buick,usa
Cadillac,usa
Can-Am,can
Caterham,gbr
Chevrolet,usa
Datsun,jap
DeBerti Design,usa
DMC,usa
Dodge,usa
Donkervoort,ned
Exomotive,usa
Ferrari,ita
Ford,usa
Formula Drift,usa
Forsberg Racing,usa
Funco Motorsports,usa
GMC,usa
Hennessey,usa
Holden,aus
Honda,jap
Hoonigan,usa
Hot Wheels,usa
HSV,aus
Hummer,usa
Hyundai,kor
Infiniti,jap
International,usa
Italdesign,ita
Jaguar,gbr
Jeep,usa
Koenigsegg,swe
KTM,aut
Lamborghini,ita
Land Rover,gbr
Lexus,jap
Local Motors,usa
Lola,gbr
Lotus,gbr
Maserati,ita
Mazda,jap
McLaren,gbr
Mercedes-AMG,ger
Mercedes-Benz,ger
Mercury,usa
Meyers,usa
MG,gbr
Mini,gbr
Mitsubishi,jap
Morgan,gbr
Morris,gbr
Mosler,usa
Napier,gbr
NIO,chn
Nissan,jap
Opel,ger
Pagani,ita
Peel,gbr
Penhall,usa
Peugeot,fra
Plymouth,usa
Polaris,usa
Pontiac,usa
Porsche,ger
Radical,gbr
RAESR,usa
Ram,usa
Reliant,gbr
Renault,fra
Rimac,cro
RJ Anderson,usa
Saleen,usa
Shelby,usa
Sierra Cars,usa
Subaru,jap
Toyota,jap
TVR,gbr
Ultima,gbr
Vauxhall,gbr
Volkswagen,ger
Volvo,swe
VUHL,mex
Willys,usa
Wuling,chn
Zenvo,den
Noble,gbr
Ascari,gbr
Oldsmobile,usa
ATS,ita
Extreme E,fra
Schuppan,aus
Brabham,aus
